#InfiniteKusama,Tweet Text,URL
#InfiniteKusama,"""Dots Obsession - Love Transformed Into Dots"" #YayoiKusama #infinitymirrors https://t.co/TqDbciidej",
#InfiniteKusama,RT @LaurenJauregui: I'm a couple days late but happy birthday to the beautiful work of art that is #yayoikusama Iâ€¦ https://t.co/TKbWWgFqeG,https://www.instagram.com/p/BSBQtFPlIl0/
#InfiniteKusama,RT @LaurenJauregui: Punkin #yayoikusama https://t.co/cKC7PC40ZW,https://www.instagram.com/p/BSBTT5xFpYT/
#InfiniteKusama,RT @LaurenJauregui: #YayoiKusama https://t.co/2BEL67UUuB,
#InfiniteKusama,"#ã‚¤ã‚½æ´»
#GSIX 
#YayoiKusama 
#èµ¤ã‹ã¼ã¡ã‚ƒ ğŸƒ
ä»Šæ—¥ã¯ã‚¤ã‚½æ´»ã‚‚ã—ã¡ã‚ƒã„ã¾ã—ãŸğŸŒ¿
ã‚¤ã‚½ãƒ³ã•ã‚“ã®å¤§å¥½ããªboomerangã§æ’®ã‚Šã¾ã—ãŸw
@Ison_Kawada https://t.co/JexMnjEuyK",
#InfiniteKusama,Hirshhorn Museum and Sculpture Garden mentioned again: https://t.co/pU52w9Ehf4 - RT @kayhart INFINITY MIRRORS #yayoikusama @ Hirshhorn Mu...,http://sch.mp/0sqQeu
#InfiniteKusama,INFINITY MIRRORS #yayoikusama @ Hirshhorn Museum and Sculpture Garden https://t.co/ciF8xnTqGI,https://www.instagram.com/p/BTMcVUzALqd/
#InfiniteKusama,RT @LaurenJauregui: I'm a couple days late but happy birthday to the beautiful work of art that is #yayoikusama Iâ€¦ https://t.co/TKbWWgFqeG,https://www.instagram.com/p/BSBQtFPlIl0/
#InfiniteKusama,RT @LaurenJauregui: Punkin #yayoikusama https://t.co/cKC7PC40ZW,https://www.instagram.com/p/BSBTT5xFpYT/
#InfiniteKusama,RT @LaurenJauregui: #YayoiKusama https://t.co/2BEL67UUuB,
#InfiniteKusama,RT @YogalinOfficial: Amazing ! #YAYOIKUSAMA https://t.co/6vor7lDl9Z,
#InfiniteKusama,RT @YogalinOfficial: A Lovely picture for today's ending.#YAYOIKUSAMA https://t.co/n5SfGz9IXU,
#InfiniteKusama,Museum day. #yayoikusama #washingtondc @ Hirshhorn Museum and Sculpture Garden https://t.co/Dr5PNSAOGL,https://www.instagram.com/p/BTMZsFKAxzp/
#InfiniteKusama,RT @LaurenJauregui: #YayoiKusama https://t.co/2BEL67UUuB,
#InfiniteKusama,RT @LaurenJauregui: #YayoiKusama https://t.co/2BEL67UUuB,
#InfiniteKusama,RT @YogalinOfficial: A Lovely picture for today's ending.#YAYOIKUSAMA https://t.co/n5SfGz9IXU,
#InfiniteKusama,A Lovely picture for today's ending.#YAYOIKUSAMA https://t.co/n5SfGz9IXU,
#InfiniteKusama,To infinity and beyond... #YayoiKusama @ Hirshhorn Museum andâ€¦ https://t.co/MvX3v3HOqA,https://www.instagram.com/p/BTMRxJolZVAeUW_iq1PUDyCqWv3QuQp7jSLZMU0/
#InfiniteKusama,"this #YayoiKusama #exhibition @hirshhorn is everything!
#infinitekusama https://t.co/84KcmbwdT2",
#InfiniteKusama,"ã‚»ãƒ«ãƒ•ãƒšã‚¤ãƒ³ãƒˆè‡ªè»¢è»Šã«ä¹—ã£ã¦ã€‚
#paskissminiun #paskiss #yamaha #é›»å‹•ã‚¢ã‚·ã‚¹ãƒˆè‡ªè»¢è»Š #ä¿è‚²åœ’ #ä¿è‚²åœ’æº–å‚™ #diy #nuro #paint #bicycle #è‰é–“å½Œç”Ÿâ€¦ https://t.co/5KqvtFFFRK",https://twitter.com/i/web/status/855797856233340929
#InfiniteKusama,#YayoiKusama #Art https://t.co/Yf0dse4Roi,
#InfiniteKusama,#YayoiKusama #Art https://t.co/5bE8oypkJM,
#InfiniteKusama,#YayoiKusama #Art https://t.co/lr5MX6hjZC,
#InfiniteKusama,"Bibbidi-Bobbidi-Boo ğŸƒ

#yayoikusama @ Nogizaka Station https://t.co/qKtqKvqAx0",https://www.instagram.com/p/BTMKwtNFcV-/
#InfiniteKusama,RT @YogalinOfficial: Amazing ! #YAYOIKUSAMA https://t.co/6vor7lDl9Z,
#InfiniteKusama,"MY ETERNAL SOUL
#yayoikusama @ å›½ç«‹æ–°ç¾è¡“é¤¨ è‰é–“å½Œç”Ÿ ã‚ãŒæ°¸é ã®é­‚å±• https://t.co/D4SzX2cN4b",https://www.instagram.com/p/BTME8dtgUfh/
#InfiniteKusama,"RT @kaname913: GINZA SIXã«è¡Œã£ã¦ããŸï¼ I went to GINZA SIX!
#éŠ€åº§ #ginza #ginzasix #japan #è‰é–“å½Œç”Ÿ #yayoikusama #ã‚ªãƒ–ã‚¸ã‚§ #ãƒ‡ãƒ‘ãƒ¼ãƒˆâ€¦ https://t.co/YpaBDE6ADO",https://www.instagram.com/p/BTMDqZ0DnP_/
#InfiniteKusama,#yayoikusama #è‰é–“å½Œç”Ÿ @ Yayoi Kasuma at National Art Center Tokyo https://t.co/ZkejEoCWPN,https://www.instagram.com/p/BTMEI-khFH4/
#InfiniteKusama,â¿ğŸ„â¿ #yayoikusama #thenationalartcentertokyo #roppongi #è‰é–“å½Œç”Ÿã‚ãŒæ°¸é ã®é­‚ #è‰é–“å½Œç”Ÿ #å›½ç«‹æ–°ç¾è¡“é¤¨ @ Yayoi Kasumaâ€¦ https://t.co/w67i17qRHB,https://www.instagram.com/p/BTMDzNGjhGh/
#InfiniteKusama,"GINZA SIXã«è¡Œã£ã¦ããŸï¼ I went to GINZA SIX!
#éŠ€åº§ #ginza #ginzasix #japan #è‰é–“å½Œç”Ÿ #yayoikusama #ã‚ªãƒ–ã‚¸ã‚§ #ãƒ‡ãƒ‘ãƒ¼ãƒˆâ€¦ https://t.co/YpaBDE6ADO",https://www.instagram.com/p/BTMDqZ0DnP_/
#InfiniteKusama,#infinitekusama #obliterationroom @hirshhorn then (Feb. 24) and now (Apr. 21) #acreativedc #bythings #mydccoolâ€¦ https://t.co/qNLf6paMhn,https://twitter.com/i/web/status/855766177376817152
#InfiniteKusama,RT @YogalinOfficial: Amazing ! #YAYOIKUSAMA https://t.co/6vor7lDl9Z,
#InfiniteKusama,"#éŠ€åº§six 
#ã¨ã‚Šã‚ãˆãšè¡Œã£ã¦ããŸ
#è‰é–“å½Œç”Ÿ 
#å—ç“œ
#yayoikusama 
#pumpkin  

è‰é–“å½Œç”Ÿå…ˆç”Ÿã®ã‚°ãƒƒã‚ºå£²ã‚Šå ´ã‚ã£ãŸâ€¦ https://t.co/WQJXHQcIlk",https://www.instagram.com/p/BTL-lWbl_v1/
#InfiniteKusama,RT @LaurenJauregui: #YayoiKusama https://t.co/2BEL67UUuB,
#InfiniteKusama,#è‰é–“å½Œç”Ÿ #yayoikusama #ginzasix #gsix #éŠ€åº§ https://t.co/wFRk0k1SsE,https://www.instagram.com/p/BTL-EP6hIDj/
#InfiniteKusama,#è‰é–“å½Œç”Ÿ #yayoikusama #ginzasix #gsix #éŠ€åº§ https://t.co/a0dad9xeQy,https://www.instagram.com/p/BTL9-qzBMRl/
#InfiniteKusama,#è‰é–“å½Œç”Ÿ #yayoikusama #ginzasix #gsix #éŠ€åº§ https://t.co/E9GlIs3QsZ,https://www.instagram.com/p/BTL96DIhUOW/
#InfiniteKusama,RT @YogalinOfficial: Amazing ! #YAYOIKUSAMA https://t.co/6vor7lDl9Z,
#InfiniteKusama,RT @YogalinOfficial: Amazing ! #YAYOIKUSAMA https://t.co/6vor7lDl9Z,
#InfiniteKusama,Amazing ! #YAYOIKUSAMA https://t.co/6vor7lDl9Z,
#InfiniteKusama,Overall it was good but kinda wish I could see more of her past works. ğŸ¨ #è‰é–“å½Œç”Ÿå±• #YayoiKusama https://t.co/qaM30tNy2C,
#InfiniteKusama,"ãŠåˆã€œã€œ
#ginzasix #éŠ€åº§6 #è‰é–“å½Œç”Ÿ 
#yayoikusama @ Ginza Six https://t.co/01KJkegD3Y",https://www.instagram.com/p/BTL0o3vDB1D/
#InfiniteKusama,"Qualcuno ha detto zucche? ğŸƒ
#yayoikusama âœ¨
â€¢
â€¢
â€¢
#infinityroom #chiostrodelbramanteâ€¦ https://t.co/lkdDy1kg2W",https://www.instagram.com/p/BTLwxjul9WV/
#InfiniteKusama,#azulejos #tiles #viuvalamego #yayoikusama #inlisbon #metrodelisboa #metropolitanodelisboa https://t.co/J4IWHV7ZBe,https://www.instagram.com/p/BTLwsjkj5LX/
#InfiniteKusama,"RT @facehunter: My Eternal Soul â­•ï¸ğŸ”´â­•ï¸ğŸ”´â­•ï¸
https://t.co/lbxHO4Zwps #YayoiKusama #Tokyo ğŸ‡¯ğŸ‡µ https://t.co/zz5ppjjc8d",http://instagram.com/p/BTLlSnZjAKG/
#InfiniteKusama,"My Eternal Soul â­•ï¸ğŸ”´â­•ï¸ğŸ”´â­•ï¸
https://t.co/lbxHO4Zwps #YayoiKusama #Tokyo ğŸ‡¯ğŸ‡µ https://t.co/zz5ppjjc8d",http://instagram.com/p/BTLlSnZjAKG/
#InfiniteKusama,RT @LaurenJauregui: #YayoiKusama https://t.co/2BEL67UUuB,
#InfiniteKusama,"5%ã§ã‚‚ã‚ã‚Œã°ã„ã„ã˜ã‚ƒãªã„ã€‚

#ãƒ©ãƒƒã‚­ãƒ¼ã‚«ãƒ©ãƒ¼ã¯#èµ¤ 
#yayoikusama ãƒãƒƒã‚¯ã§ãƒ†ãƒ³ã‚·ãƒ§ãƒ³ã‚ã’ã¦ãâœŒï¸ https://t.co/yE72aoz1nv",https://www.instagram.com/p/BTLiAuYAGVh/
#InfiniteKusama,"è‰é–“å½Œç”Ÿã‚ãŒæ°¸é ã®é­‚å±•ã«æ¥ã¾ã—ãŸã€‚
#Mate9
#YayoiKusama https://t.co/jKtFUFEZ2G",
#InfiniteKusama,RT @bewareofwolves: Spring in the middle of a big city  #Tokyo #Sakura  #YayoiKusama https://t.co/kgMEXeViLI,
#InfiniteKusama,While looking for #YayoiKusama art... here's what I came across...https://t.co/aNuoWP7O6K,https://www.nami.org/Blogs/From-the-CEO/April-2017/Infinity-Mirrors-Blockbuster-Beauty#utm_source=social&utm_medium=twitter&utm_campaign=blog
#InfiniteKusama,ã„ã„è¨˜äº‹ã ãªãƒ¼ã€‚æœ€å¾Œã®ã‚¢ãƒ©ãƒ¼ã‚­ãƒ¼ã¨è‰é–“ã•ã‚“ã”æœ¬äººã®è¨€è‘‰ã«æ³£ã„ã¡ã‚ƒã£ãŸã‚ˆ(;_;) #ã‚ãŒæ°¸é ã®é­‚ #è‰é–“å½Œç”Ÿ #YAYOIKUSAMA https://t.co/4M3Ao63fMN,https://twitter.com/onishi_waka/status/854827287568502784
#InfiniteKusama,"Twinkle twinkle â­ï¸ 
.
.
.
.
.
.
#hirshhorn #yayoikusama #infinitymirrors #nationscapitalâ€¦ https://t.co/MzgPntaYYO",https://www.instagram.com/p/BTLHervD3VA/
#InfiniteKusama,"RT @bigbangstagrams: [#à¹à¸—à¸¢à¸±à¸‡à¸ªà¸•à¸²à¹à¸à¸£à¸¡] 170416 à¹à¸—à¸¢à¸±à¸‡ : kusama à¹€à¸ˆà¹‹à¸‡à¸¡à¸²à¸... à¸”à¸µà¹ƒà¸ˆà¸”à¹‰à¸§à¸¢à¸™à¸°à¸„à¸£à¸±à¸š!!! #yayoikusama #à¸™à¸´à¸—à¸£à¸£à¸¨à¸à¸²à¸£ #à¹‚à¸•à¹€à¸à¸µà¸¢à¸§
Â©TeamBIGBANG
httpsâ€¦",
#InfiniteKusama,æ£®ã¿ãŸã„ã€‚#yayoikusama @ å›½ç«‹æ–°ç¾è¡“é¤¨ https://t.co/LZmoj6f9ZL,https://www.instagram.com/p/BTLA5-KF90K/
#InfiniteKusama,RT @peeenoy: Worth the wait. ğŸ’› [ #YayoiKusama #InfinityMirrors #HirshhornMuseum ] https://t.co/RgbTpPiNjJ,
#InfiniteKusama,RT @peeenoy: Worth the wait. ğŸ’› [ #YayoiKusama #InfinityMirrors #HirshhornMuseum ] https://t.co/RgbTpPiNjJ,
#InfiniteKusama,RT @LaurenJauregui: #YayoiKusama https://t.co/2BEL67UUuB,
#InfiniteKusama,ã‚¹ãƒ†ãƒƒã‚«ãƒ¼è²¼ã‚Œã‚‹å°éƒ¨å±‹ãŒã‚ã‚Šã¾ã—ãŸ #yayoikusama @ å›½ç«‹æ–°ç¾è¡“é¤¨ https://t.co/iH8jAf94Jh,https://www.instagram.com/p/BTK-JooldVN/
#InfiniteKusama,"RT @isakin1978: ã™ã£ã‹ã‚ŠGshockã®ç®±ã«æ£²ã¿ã¤ã„ãŸã€æˆ‘ãŒå®¶ã®è‰é–“å…ˆç”Ÿã€‚
#è‰é–“å½Œç”Ÿ #yayoikusama #ã‚ãŒæ°¸é ã®é­‚ #yayoiã¡ã‚ƒã‚“ãƒ—ãƒ©ãƒƒã‚·ãƒ¥ https://t.co/ah3P42rHJO",
#InfiniteKusama,ã‚°ãƒƒã‚ºã‹ã‚ã„ã„ã€‚ä½¿ã†ã‹ã‚ã‹ã‚‰ãªã„ãƒ¡ãƒ¢ã‚’å¤§é‡è³¼å…¥ã€‚é£¾ã‚‹ã‹w #yayoikusama https://t.co/lTIlmTE6vX,https://www.instagram.com/p/BTK6QJRFDUD/
#InfiniteKusama,ä½œå“ã‚ˆã‚Šäººã‚’è¦‹ã‚‹æ™‚é–“ãŒé•·ã‹ã£ãŸã‹ã‚‚ã€‚#yayoikusama @ å›½ç«‹æ–°ç¾è¡“é¤¨ https://t.co/Kx4Fb4VySo,https://www.instagram.com/p/BTK5uFaloEF/
#InfiniteKusama,#YayoiKusama #infinitekusama @ Hirshhorn Museum and Sculpture Garden https://t.co/UPzthB5rMZ,https://www.instagram.com/p/BTK32hgjlgV/
#InfiniteKusama,#YayoiKusama #infinitekusama @ Hirshhorn Museum and Sculpture Garden https://t.co/O4LGUJH91b,https://www.instagram.com/p/BTK3wtHDbc1/
#InfiniteKusama,#YayoiKusama #infinitekusama @ Hirshhorn Museum and Sculpture Garden https://t.co/20aj1XndGI,https://www.instagram.com/p/BTK3q_TjeSf/
#InfiniteKusama,äººã¿ãŸã„ãªå½¢ã ã€‚#yayoikusama @ å›½ç«‹æ–°ç¾è¡“é¤¨ https://t.co/jFhuXO0s1F,https://www.instagram.com/p/BTK2xIaF3CB/
#InfiniteKusama,RT @LaurenJauregui: #YayoiKusama https://t.co/2BEL67UUuB,
#InfiniteKusama,RT @LaurenJauregui: #YayoiKusama https://t.co/2BEL67UUuB,
#InfiniteKusama,RT @LaurenJauregui: #YayoiKusama https://t.co/2BEL67UUuB,
#InfiniteKusama,RT @LaurenJauregui: #YayoiKusama https://t.co/2BEL67UUuB,
#InfiniteKusama,#yayoikusama ginzasix @ GINZA SIX https://t.co/B0AWXWjKqZ,https://www.instagram.com/p/BTKt-cVANaT/
#InfiniteKusama,Worth the wait. ğŸ’› [ #YayoiKusama #InfinityMirrors #HirshhornMuseum ] https://t.co/RgbTpPiNjJ,
#InfiniteKusama,"RT @davidzwirner: From the archive: #YayoiKusama was included in the 2016 #TIME100 list, with text by @themarcjacobs: https://t.co/tgEMhBnaâ€¦",
#InfiniteKusama,RT @LaurenJauregui: #YayoiKusama https://t.co/2BEL67UUuB,
#InfiniteKusama,#yayoikusama #infinitymirrors the universe captured in a small box. â¤ï¸many of her exhibits... inspiring to see artâ€¦â€¦ https://t.co/mFMYa0gqM6,https://twitter.com/i/web/status/855542021037195264
#InfiniteKusama,#yayoikusama #infinitymirrors the universe captured in a small box. â¤ï¸many of her exhibits... inspiring to see artâ€¦â€¦ https://t.co/60of3wlmdw,https://twitter.com/i/web/status/855542019476922368
#InfiniteKusama,"For the collection of #art #yayoikusama #Art #toys #fashion @ New York, New York https://t.co/P8BnTTqBqM",https://www.instagram.com/p/BTKcWG3g9K8/
#InfiniteKusama,RT @WomenInTheArts: â€œOur earth is only one polka dot among a million stars in the cosmos.â€œ #YayoiKusama https://t.co/Pmr4XYXOSD @smithsoniaâ€¦,http://ow.ly/FKg330anGsY
#InfiniteKusama,#yayoikusama @hirshhorn https://t.co/8kTtfVPRXC,
#InfiniteKusama,#yayoikusama #infinityrooms @hirshhorn https://t.co/lSagDgAW3V,
#InfiniteKusama,#yayoikusama #infinityrooms https://t.co/Q9HcdfgvN0,
#InfiniteKusama,#yayoikusama InfinityNet painting https://t.co/sO5UDnK4ll,
#InfiniteKusama,#yayoikusama #infinityrooms Wonderful purple rowboat! https://t.co/HlNLiKTGuA,
#InfiniteKusama,RT @LaurenJauregui: #YayoiKusama https://t.co/2BEL67UUuB,
#InfiniteKusama,RT @LaurenJauregui: #YayoiKusama https://t.co/2BEL67UUuB,
#InfiniteKusama,RT @LaurenJauregui: #YayoiKusama https://t.co/2BEL67UUuB,
#InfiniteKusama,RT @LaurenJauregui: I'm a couple days late but happy birthday to the beautiful work of art that is #yayoikusama Iâ€¦ https://t.co/TKbWWgFqeG,https://www.instagram.com/p/BSBQtFPlIl0/
#InfiniteKusama,"RT @davidzwirner: From the archive: #YayoiKusama was included in the 2016 #TIME100 list, with text by @themarcjacobs: https://t.co/tgEMhBnaâ€¦",
#InfiniteKusama,"RT @davidzwirner: From the archive: #YayoiKusama was included in the 2016 #TIME100 list, with text by @themarcjacobs: https://t.co/tgEMhBnaâ€¦",
#InfiniteKusama,"From the archive: #YayoiKusama was included in the 2016 #TIME100 list, with text by @themarcjacobs:â€¦ https://t.co/2ucAO5TIZL",https://twitter.com/i/web/status/855504411162017794
#InfiniteKusama,RT @LaurenJauregui: I'm a couple days late but happy birthday to the beautiful work of art that is #yayoikusama Iâ€¦ https://t.co/TKbWWgFqeG,https://www.instagram.com/p/BSBQtFPlIl0/
#InfiniteKusama,RT @LaurenJauregui: Punkin #yayoikusama https://t.co/cKC7PC40ZW,https://www.instagram.com/p/BSBTT5xFpYT/
#InfiniteKusama,RT @LaurenJauregui: #YayoiKusama https://t.co/2BEL67UUuB,
#InfiniteKusama,"æ¤…å­ã«ç”·æ ¹
é´ã«ç”·æ ¹
ã‚­ãƒ©ã‚­ãƒ©âœ¨ãƒ«ãƒ¼ãƒ 
åæˆ¦ã®ã‚³ãƒ©ãƒ¼ã‚¸ãƒ¥

å½Œç”Ÿã¡ã‚ƒã‚“ã€é•·ç”Ÿãã—ã¦ãã ã•ã„ã€‚

#YayoiKusama @kusama2017 #è‰é–“å½Œç”Ÿ #è‰é–“å½Œç”Ÿå±•",
#InfiniteKusama,"ã¾ã•ã‹ã®ã€ã‚³ãƒ©ãƒ¼ã‚¸ãƒ¥ãªã‚‰ç§ã‚‚å‡ºæ¥ã‚‹ã‹ã‚‚â€¦ğŸ˜¯ã¨ã‹æ€ã£ã¡ã‚ƒã£ãŸã€‚ä½•ã¨ãšãƒ¼ãšãƒ¼ã—ã„ã“ã¨ã‹ã€‚ã‚¢ãƒ¼ãƒˆã¨å…¨ãç¸ã®ãªã„äººç”Ÿã‚’é€ã£ã¦ã‚‹è‡ªåˆ†ãŒè§¦ç™ºã•ã‚Œã‚‹ã¨æ€ã‚ãªã‹ã£ãŸ @kusama2017 æœ‰ã‚Šé›£ã†ã€‚
#YayoiKusama #è‰é–“å½Œç”Ÿ #è‰é–“å½Œç”Ÿå±•",
#InfiniteKusama,"RT @bigbangstagrams: [#à¹à¸—à¸¢à¸±à¸‡à¸ªà¸•à¸²à¹à¸à¸£à¸¡] 170416 à¹à¸—à¸¢à¸±à¸‡ : kusama à¹€à¸ˆà¹‹à¸‡à¸¡à¸²à¸... à¸”à¸µà¹ƒà¸ˆà¸”à¹‰à¸§à¸¢à¸™à¸°à¸„à¸£à¸±à¸š!!! #yayoikusama #à¸™à¸´à¸—à¸£à¸£à¸¨à¸à¸²à¸£ #à¹‚à¸•à¹€à¸à¸µà¸¢à¸§
Â©TeamBIGBANG
httpsâ€¦",
#InfiniteKusama,"RT @bigbangstagrams: [#à¹à¸—à¸¢à¸±à¸‡à¸ªà¸•à¸²à¹à¸à¸£à¸¡] 170416 à¹à¸—à¸¢à¸±à¸‡ : kusama à¹€à¸ˆà¹‹à¸‡à¸¡à¸²à¸... à¸”à¸µà¹ƒà¸ˆà¸”à¹‰à¸§à¸¢à¸™à¸°à¸„à¸£à¸±à¸š!!! #yayoikusama #à¸™à¸´à¸—à¸£à¸£à¸¨à¸à¸²à¸£ #à¹‚à¸•à¹€à¸à¸µà¸¢à¸§
Â©TeamBIGBANG
httpsâ€¦",
#InfiniteKusama,"é…ã‚Œã°ã›ãªãŒã‚‰æ‹è¦‹è‡´ã—ã¾ã—ãŸã€‚
#éŠ€åº§six #gsix #ginzasix #éŠ€åº§ #ginza #è‰é–“å½Œç”Ÿ #yayoikusama #ãƒãƒ«ãƒ¼ãƒ³æ’®å½±ä¼šğŸˆ#CHANELã®è‡ªè²©ã¯æ•…éšœä¸­â€¦ https://t.co/mjy9B1oXFv",https://www.instagram.com/p/BTJ2vFblkq_/
#InfiniteKusama,"GSIX GRAND OPEN ğŸ‘€ğŸ‘ğŸ™ŒğŸ‰ YAYOI KUSAMA LOVE FOREVERğŸ˜
ginza_six #gsix #ginzasix #yayoikusama #è‰é–“å½Œç”Ÿâ€¦ https://t.co/M9yYFkbBCh",https://www.instagram.com/p/BTJ0dcMDlk0/
#InfiniteKusama,"èˆˆå¥®å†·ã‚ã‚„ã‚‰ã¬ã¾ã¾è‡ªå®…ã§ãƒ‰ã‚­ãƒ¥ãƒ¡ãƒ³ã‚¿ãƒªãƒ¼æ˜ ç”»ã€Œâ‰’è‰é–“å½Œç”Ÿ ã‚ãŸã—å¤§å¥½ãã€ã®DVDé‘‘è³
æ˜æ—¥ã‹ã‚‰é˜¿ä½ãƒ¶è°·ã®ãƒŸãƒ‹ã‚·ã‚¢ã‚¿ãƒ¼ã§ã‚‚è¦³ã‚‰ã‚Œã¾ã™
#è‰é–“å½Œç”Ÿ #yayoikusama https://t.co/KXPppvLaFk",
